imgname,bboxes,width,height
anime_0708.jpg,540 78 1746 1272 1,3580,2480
anime_0191.jpg,297 48 518 290 1;601 30 840 263 1;480 6 740 132 1,1000,707
anime_0223.jpg,1415 402 2021 861 1,3507,2480
anime_0738.jpg,519 98 806 371 1;968 198 1254 538 1,1697,1200
anime_1009.jpg,537 5 915 378 1,1024,724
anime_0962.jpg,1033 10 1474 416 1,1920,1200
anime_0588.jpg,143 7 455 305 1;351 119 657 381 1,1280,720
anime_0817.jpg,1938 152 2520 711 1,2800,2000
anime_0842.jpg,780 204 1191 637 1;2375 87 3291 854 1,3500,2492
anime_1068.jpg,142 12 568 407 1,1600,1131
anime_0835.jpg,103 175 257 285 1,1013,714
anime_0065.jpg,621 29 993 366 1,1920,1200
anime_0104.jpg,356 444 492 589 1;904 125 1032 270 1,1488,1052
anime_0189.jpg,1060 11 1462 396 1,1500,1125
anime_1120.jpg,36 29 394 296 1,1000,766
anime_0867.jpg,178 721 796 1265 1,1600,1308
anime_0014.jpg,761 7 1070 300 1,1105,800
anime_0567.jpg,862 14 1232 355 1,1371,753
anime_0170.jpg,93 133 1149 1027 1;899 16 1816 844 1,3427,2339
anime_0511.jpg,283 111 664 483 1,1748,1031
anime_0521.jpg,684 6 1401 652 1,1680,1188
anime_0070.jpg,72 9 543 480 1,1280,960
anime_0091.jpg,1068 84 1612 547 1,1920,1092
anime_0231.jpg,527 78 918 484 1;1224 62 1637 475 1,1920,1047
anime_0970.jpg,734 45 1527 887 1,2000,1532
anime_1072.jpg,684 81 925 326 1,1273,900
anime_0214.jpg,166 100 380 314 1;484 37 764 314 1;771 9 1232 466 1,1414,1000
anime_0471.jpg,472 273 838 584 1,1800,1481
anime_0179.jpg,911 2 1351 354 1,1900,834
anime_0197.jpg,719 161 1419 855 1,3500,2439
anime_0770.jpg,49 361 310 598 1;370 89 745 398 1;861 98 1198 358 1,1447,1023
anime_1136.jpg,965 7 1293 322 1,1350,1000
anime_0196.jpg,143 32 437 334 1,1200,847
anime_1003.jpg,24 15 418 515 1,1324,1003
anime_1129.jpg,381 51 504 145 1,1800,900
anime_0949.jpg,834 22 1079 253 1,1471,1000
anime_0107.jpg,1047 213 1205 371 1,2300,1150
anime_0336.jpg,367 192 639 482 1;635 245 845 484 1,1280,824
anime_0284.jpg,8 3 647 482 1,1227,883
anime_0347.jpg,601 20 816 253 1,1200,848
anime_1035.jpg,548 38 680 115 1;653 139 807 296 1;639 393 718 457 1,1000,773
anime_0064.jpg,271 26 549 281 1,1389,948
anime_0061.jpg,66 37 487 432 1,1497,744
anime_0779.jpg,1049 3 1474 378 1,1938,1224
anime_0491.jpg,394 5 904 372 1,1280,720
anime_0710.jpg,1027 761 1973 1697 1,5374,3858
anime_0298.jpg,172 45 1075 1017 1,1800,1500
anime_0332.jpg,480 3 921 430 1,1032,728
anime_0720.jpg,250 287 527 549 1,1500,1125
anime_1063.jpg,1736 247 2914 1341 1,3500,2500
anime_0605.jpg,694 34 1132 472 1,1296,864
anime_0341.jpg,592 194 786 392 1,1280,824
anime_1002.jpg,993 31 1356 381 1,1625,1080
anime_0644.jpg,432 111 723 448 1;1126 745 1357 945 1,1770,1254
anime_1040.jpg,133 132 470 446 1,1440,1040
anime_0755.jpg,318 31 821 422 1,1920,1080
anime_0409.jpg,465 213 1298 835 1,3359,2556
anime_1092.jpg,1331 137 1701 474 1,2067,1378
anime_0614.jpg,794 92 1040 307 1;1107 281 1298 454 1,1400,840
anime_0453.jpg,125 235 361 480 1;459 188 780 504 1,1280,824
anime_0217.jpg,372 61 752 517 1;912 177 1420 725 1;1568 341 1932 781 1;2120 241 2468 637 1,2477,1751
anime_0448.jpg,504 192 718 386 1,1280,824
anime_0957.jpg,456 1565 2093 3290 1;5781 315 7443 2228 1,7874,5543
anime_0164.jpg,131 76 725 607 1,1767,944
anime_0356.jpg,784 28 1053 295 1,1280,785
anime_0259.jpg,1002 140 1372 482 1,2048,1430
anime_0598.jpg,284 40 529 279 1,1280,720
anime_0570.jpg,1700 113 2815 1293 1,3035,2362
anime_0675.jpg,883 268 1156 529 1,1289,886
anime_0591.jpg,662 4 1199 514 1,2048,1152
anime_0292.jpg,707 17 885 179 1;1018 6 1222 221 1,1400,788
anime_0866.jpg,657 156 935 394 1,1498,959
anime_0353.jpg,478 71 773 307 1;1024 327 1350 586 1,1600,1048
anime_0855.jpg,1589 566 1720 704 1,1997,1080
anime_0306.jpg,327 142 687 523 1,1745,1200
anime_0895.jpg,1287 50 1758 416 1,1920,1080
anime_0873.jpg,458 17 1388 640 1,3559,2605
anime_0418.jpg,653 8 828 227 1,1000,707
anime_0617.jpg,2662 481 3562 1268 1;2218 493 2756 1049 1,3930,2894
anime_0040.jpg,208 13 489 284 1,1477,1000
anime_0812.jpg,917 396 968 442 1,1920,1020
anime_0857.jpg,472 210 723 433 1;823 296 1027 488 1,1280,824
anime_0569.jpg,49 639 541 1155 1;352 3 1591 1063 1,1650,1320
anime_1098.jpg,745 317 1167 709 1,2316,1600
anime_0501.jpg,171 388 621 881 1,1920,1080
anime_0095.jpg,1016 438 1083 511 1,1920,1080
anime_0994.jpg,317 12 589 273 1,1064,798
anime_0525.jpg,1700 177 2392 801 1,2500,1767
anime_0340.jpg,529 224 718 422 1,1280,824
anime_0188.jpg,971 55 1190 277 1,1920,990
anime_0321.jpg,478 78 809 391 1;729 224 1083 598 1,1600,1000
anime_0503.jpg,1070 400 1262 573 1,2105,1488
anime_0370.jpg,549 185 855 482 1,1920,1200
anime_0816.jpg,284 114 744 542 1,2500,1800
anime_0973.jpg,829 55 1429 669 1,1800,1400
anime_0445.jpg,332 131 642 444 1,2048,1266
anime_0195.jpg,39 25 441 427 1,1414,1000
anime_0959.jpg,2369 82 3397 1154 1,3500,2548
anime_0752.jpg,412 21 730 328 1,1132,800
anime_0404.jpg,1035 49 1450 364 1,1600,1143
anime_0388.jpg,584 12 929 324 1,1500,1050
anime_1016.jpg,1027 25 1471 427 1,1697,1200
anime_0559.jpg,337 25 664 346 1,1414,1000
anime_0142.jpg,969 160 1128 311 1,1400,1076
anime_0499.jpg,529 52 781 299 1;796 49 1062 309 1,1500,844
anime_1122.jpg,255 701 921 1282 1;1271 432 2028 1005 1,2400,1800
anime_0368.jpg,408 26 765 398 1,1920,1200
anime_0337.jpg,647 182 857 402 1,1280,824
anime_0891.jpg,1171 429 1245 514 1,1500,1052
anime_0169.jpg,1708 175 2125 580 1,3500,1845
anime_0664.jpg,421 71 816 443 1,1784,1181
anime_1039.jpg,118 130 339 344 1;527 391 718 569 1,1280,904
anime_0938.jpg,486 132 1091 782 1;1730 227 2308 849 1;2719 421 3341 1066 1,3500,2483
anime_0909.jpg,159 4 469 319 1,1000,790
anime_0790.jpg,337 5 689 343 1,1200,960
anime_1075.jpg,498 130 994 662 1,2456,1736
anime_0178.jpg,160 18 562 416 1,1232,800
anime_0924.jpg,506 64 849 370 1,1637,1158
anime_0440.jpg,690 41 1004 336 1,1099,713
anime_0182.jpg,107 501 381 741 1;395 543 619 752 1;63 1090 479 1452 1;658 1199 965 1508 1;540 71 795 308 1;919 73 1253 418 1;1386 1148 1828 1578 1;1495 64 1858 406 1;1684 478 2030 839 1;2033 411 2416 766 1,2708,1920
anime_0017.jpg,1152 117 1372 305 1,2500,831
anime_0802.jpg,580 9 874 274 1,1152,720
anime_0291.jpg,1229 76 1773 668 1,2263,1600
anime_0276.jpg,1337 149 1547 369 1;1546 177 1707 367 1,2000,1200
anime_0977.jpg,155 27 260 148 1;345 33 447 144 1;564 54 643 137 1;774 25 866 115 1;1041 15 1133 106 1;66 556 185 679 1;272 469 360 552 1;443 471 658 687 1;747 423 835 523 1;955 506 1085 654 1,1200,900
anime_0877.jpg,436 154 743 480 1,1500,1078
anime_0237.jpg,292 7 635 386 1;678 144 991 514 1,1100,800
anime_0767.jpg,2924 352 4224 1564 1,6972,5028
anime_0244.jpg,723 261 892 439 1,1926,1113
anime_0150.jpg,417 167 688 422 1,2000,1409
anime_0974.jpg,655 138 908 389 1;530 154 739 409 1,1402,1017
anime_0756.jpg,128 152 328 352 1;342 128 589 346 1;662 215 836 381 1;850 273 966 407 1;985 273 1126 421 1,1228,868
anime_0209.jpg,187 169 705 528 1;1312 141 1743 509 1,1920,1080
anime_0483.jpg,358 186 531 352 1;534 51 774 259 1,1000,707
anime_0952.jpg,824 76 993 243 1,1200,840
anime_0450.jpg,543 192 769 422 1,1280,824
anime_0408.jpg,706 248 1223 748 1,2713,1920
anime_0039.jpg,725 8 1008 336 1,1748,1181
anime_0914.jpg,541 76 1435 868 1,1772,1054
anime_0026.jpg,248 309 430 509 1;587 616 716 725 1;914 2 1209 282 1,1414,1000
anime_0426.jpg,1164 22 1614 438 1,2039,1274
anime_0906.jpg,7 7 420 316 1;394 58 646 342 1;668 310 920 587 1;1068 416 1300 629 1;1271 13 1510 203 1;1504 7 1907 423 1,2024,1062
anime_0273.jpg,846 47 1046 257 1,1279,717
anime_0666.jpg,178 43 373 286 1;370 140 565 364 1;583 62 878 327 1;892 86 1205 394 1;1151 37 1486 337 1,1700,1202
anime_0881.jpg,1630 403 1897 681 1,3500,1969
anime_0941.jpg,1891 185 2408 729 1,3500,1799
anime_0602.jpg,2061 238 2324 505 1,3840,2160
anime_0222.jpg,505 56 768 316 1,1920,979
anime_0958.jpg,181 36 858 536 1,1800,1150
anime_0077.jpg,1022 17 1679 627 1,2048,1152
anime_0921.jpg,397 147 1291 985 1,3500,2188
anime_0946.jpg,185 120 1077 901 1,2382,1545
anime_0731.jpg,286 66 715 469 1,1000,829
anime_0112.jpg,547 194 774 424 1,1280,824
anime_0163.jpg,1033 76 1642 616 1,1767,944
anime_0655.jpg,874 14 1045 197 1,1200,894
anime_0333.jpg,122 2 642 461 1,1040,730
anime_0185.jpg,76 47 431 368 1,1330,785
anime_0935.jpg,297 462 1108 1162 1;1569 84 2747 956 1,3500,2530
anime_0128.jpg,27 201 191 450 1;208 204 396 435 1;403 196 581 438 1;764 223 937 467 1;964 230 1132 465 1;1159 265 1315 465 1;1335 255 1500 474 1,1536,912
anime_1144.jpg,798 37 1198 357 1,2000,1414
anime_0148.jpg,1853 24 2475 646 1,3500,2187
anime_1096.jpg,781 8 1173 305 1,1555,1014
anime_0449.jpg,320 153 651 492 1,1280,824
anime_0660.jpg,198 378 433 619 1,1828,1183
anime_1142.jpg,947 336 1208 549 1,2000,1413
anime_0262.jpg,1309 106 1752 634 1,4498,2806
anime_0390.jpg,153 23 455 321 1;751 8 1187 419 1,1200,900
anime_0253.jpg,618 82 784 241 1,1280,1024
anime_0564.jpg,1997 132 2480 749 1,3500,2594
anime_0527.jpg,161 75 415 306 1;440 70 691 338 1;706 72 978 323 1,1169,747
anime_0011.jpg,781 112 960 314 1,1200,900
anime_0979.jpg,108 269 648 792 1,1798,1200
anime_0012.jpg,405 60 722 383 1,1100,781
anime_0500.jpg,379 288 724 579 1,2000,1414
anime_0008.jpg,716 238 1180 732 1,1234,876
anime_0312.jpg,714 320 1228 788 1;1450 111 1941 552 1,2816,1928
anime_0374.jpg,424 7 808 366 1,1920,1200
anime_1050.jpg,12 12 487 451 1,1322,997
anime_0849.jpg,459 120 1934 1245 1;3534 203 4134 787 1,4928,3500
anime_0433.jpg,30 6 549 516 1,1920,1080
anime_1018.jpg,337 97 755 444 1,1920,1080
anime_0691.jpg,1196 9 1652 488 1,1920,1080
anime_1131.jpg,35 291 381 599 1,1200,752
anime_1104.jpg,202 28 637 413 1,1920,1080
anime_0612.jpg,177 281 744 866 1;1644 226 2270 866 1,2300,1900
anime_0144.jpg,365 169 812 575 1,1920,1080
anime_0829.jpg,815 84 1165 441 1,1920,1080
anime_0608.jpg,286 350 649 735 1;966 310 1369 715 1,1754,1240
anime_1160.jpg,981 32 1219 239 1,1500,1200
anime_0742.jpg,540 3 1440 922 1,1920,1080
anime_0339.jpg,206 255 431 469 1;600 214 804 439 1;712 269 953 539 1,1280,824
anime_0100.jpg,834 121 1507 793 1,2755,2184
anime_1011.jpg,683 105 1058 498 1,1335,1000
anime_0155.jpg,499 13 877 416 1,1920,1080
anime_1158.jpg,2505 13 3992 1259 1,3992,2819
anime_1034.jpg,1149 25 1618 447 1,1920,1080
anime_0646.jpg,1161 514 1389 732 1,2504,1771
anime_0799.jpg,1623 504 1732 596 1,2334,1167
anime_0558.jpg,712 203 1027 517 1,2200,996
anime_0358.jpg,243 176 553 505 1;595 69 898 411 1;908 98 1230 453 1,2000,1265
anime_0331.jpg,614 145 935 517 1,1600,997
anime_0505.jpg,396 143 1131 873 1;1136 23 1816 748 1;1826 178 2561 908 1,3028,2271
anime_1004.jpg,381 114 652 400 1,1696,1200
anime_0786.jpg,467 217 1107 829 1,2499,1446
anime_0360.jpg,355 38 608 326 1,1920,1200
anime_0101.jpg,367 179 852 733 1;781 185 1258 722 1,1800,1225
anime_0981.jpg,1227 43 1669 484 1,3508,2480
anime_0800.jpg,862 50 1123 362 1,1529,1039
anime_0007.jpg,535 37 773 333 1,1327,1078
anime_0641.jpg,89 231 559 650 1;1163 105 1574 542 1;1696 13 2133 409 1,2256,1600
anime_0704.jpg,840 108 1207 471 1,1450,1025
anime_0795.jpg,495 131 680 313 1;1313 177 1477 353 1,1910,1351
anime_0670.jpg,1498 34 1857 380 1,2560,1440
anime_0133.jpg,972 154 1106 311 1,1280,960
anime_1081.jpg,2145 58 2730 711 1;2130 1025 2673 1673 1,3000,2141
anime_0678.jpg,379 76 548 247 1;559 82 719 234 1,1198,944
anime_0907.jpg,837 194 1140 506 1,1946,1486
anime_0980.jpg,1660 828 1936 1137 1,4962,2480
anime_0090.jpg,1074 81 1612 544 1,1920,1092
anime_0533.jpg,1268 89 1652 405 1,1920,1164
anime_0074.jpg,458 70 717 342 1;886 75 1201 368 1,1472,934
anime_0294.jpg,799 37 940 171 1,1333,1000
anime_0703.jpg,771 52 1451 696 1,1740,1230
anime_0661.jpg,2058 301 2705 1070 1;2681 217 3412 978 1,4541,2026
anime_0869.jpg,214 263 564 613 1;686 391 1025 718 1;1336 413 1647 735 1;1719 235 2069 563 1;2169 507 2525 868 1;2597 1091 2830 1452 1;2953 129 3225 429 1,3500,2476
anime_1116.jpg,541 325 1553 1258 1,3500,2800
anime_0806.jpg,2690 87 3923 1378 1,4889,3500
anime_0024.jpg,598 201 1025 613 1,2361,1500
anime_0936.jpg,108 93 841 732 1;2058 582 2675 1020 1,3500,2458
anime_0384.jpg,593 162 747 308 1,1671,1041
anime_1028.jpg,1024 31 1358 425 1,1920,1080
anime_0542.jpg,113 76 344 270 1;275 524 492 732 1;580 268 771 447 1;532 11 769 222 1;930 49 1152 253 1;911 474 1127 684 1,1300,1063
anime_0635.jpg,289 235 1050 1040 1;1645 179 2515 1018 1,2704,1920
anime_0905.jpg,668 98 988 448 1;921 21 1345 401 1,2100,1080
anime_1128.jpg,1058 55 1275 263 1,1800,1000
anime_1085.jpg,430 10 2130 1336 1,4093,2894
anime_0761.jpg,698 9 1517 718 1,2000,1125
anime_0923.jpg,1027 9 1308 250 1,1920,1080
anime_0187.jpg,1116 186 1397 478 1,2422,1553
anime_0965.jpg,1515 43 1989 530 1,4092,2893
anime_0318.jpg,1493 102 1750 332 1,2039,1274
anime_0406.jpg,571 69 894 411 1,2400,1350
anime_0579.jpg,2028 240 2722 834 1,3800,2375
anime_0424.jpg,560 366 626 435 1,1793,790
anime_0848.jpg,1158 845 1858 1520 1;2808 95 4525 1520 1,4909,3500
anime_0229.jpg,451 132 630 342 1;644 273 961 587 1;1154 55 1232 125 1;1291 103 1446 257 1;1488 214 1726 435 1,2160,1365
anime_1048.jpg,218 188 768 659 1,1920,1080
anime_0443.jpg,572 134 939 564 1;954 229 1332 647 1,1566,1142
anime_1138.jpg,307 89 596 353 1,1396,1047
anime_0446.jpg,778 300 931 435 1,1600,853
anime_0328.jpg,303 102 481 246 1;979 46 1177 216 1,2015,1089
anime_0285.jpg,161 379 627 845 1;1456 88 2004 602 1,2880,1620
anime_0108.jpg,480 192 729 402 1,1280,824
anime_0969.jpg,42 319 389 627 1,1274,1000
anime_0420.jpg,309 21 678 379 1,1000,715
anime_0998.jpg,841 318 1048 531 1,2046,1447
anime_0002.jpg,673 322 1114 763 1;1579 51 2143 598 1;2543 198 3102 669 1;1349 1216 1932 1845 1,3541,2508
anime_0319.jpg,524 53 937 459 1;952 56 1333 466 1,1920,1080
anime_0575.jpg,712 463 785 526 1,1920,1080
anime_0044.jpg,414 36 1036 719 1,3500,2489
anime_0596.jpg,65 62 396 379 1,1280,720
anime_0517.jpg,946 19 1637 647 1,1920,1080
anime_0235.jpg,301 298 471 477 1,1609,900
anime_1090.jpg,593 54 818 273 1;1246 95 1437 295 1,1920,976
anime_0992.jpg,739 29 1685 869 1;1079 242 1899 1175 1,2088,1488
anime_1102.jpg,23 662 302 962 1;1137 723 1254 842 1;1544 819 1739 992 1;1907 58 2459 582 1,2600,1537
anime_0396.jpg,274 39 565 299 1,1500,948
anime_0313.jpg,66 138 444 528 1;508 53 900 455 1;968 11 1417 360 1,1517,1075
anime_1055.jpg,205 156 677 644 1;715 216 1162 706 1;1096 9 1668 491 1,1920,1080
anime_0062.jpg,366 63 614 340 1;591 57 923 342 1,1169,826
anime_0338.jpg,392 280 563 463 1,1280,824
anime_0887.jpg,106 210 467 599 1;524 160 849 549 1;835 185 1203 557 1;1260 149 1613 524 1;1653 110 2063 503 1,2238,1325
anime_0999.jpg,1096 165 1406 424 1,2112,1500
anime_0682.jpg,1077 28 1377 350 1,1920,1080
anime_0468.jpg,679 99 1212 640 1,1850,1248
anime_0487.jpg,184 6 626 339 1,1376,1024
anime_0537.jpg,652 206 952 472 1;930 28 1221 316 1;1255 384 1496 609 1,1920,1080
anime_0685.jpg,655 7 1315 585 1,1920,1150
anime_0728.jpg,1044 106 1293 306 1,1440,810
anime_0096.jpg,789 4 1259 444 1,2048,1152
anime_0899.jpg,791 188 1453 788 1;2691 127 3275 700 1,3500,2495
anime_0636.jpg,56 4 366 289 1,1024,768
anime_0947.jpg,219 33 581 353 1;522 243 840 548 1;888 427 1119 663 1;1137 540 1368 733 1;1376 617 1578 822 1,1600,1044
anime_0594.jpg,793 74 1060 318 1,1585,1080
anime_0351.jpg,676 1643 1463 2337 1;2476 350 3116 977 1,4000,2828
anime_0545.jpg,192 312 466 593 1;482 567 653 738 1;595 448 766 625 1;1098 57 1463 386 1;1621 12 1921 209 1;1492 422 1927 877 1,2000,1125
anime_0536.jpg,167 61 612 427 1;804 72 1362 506 1,1637,1158
anime_0726.jpg,163 26 332 205 1,1136,800
anime_0063.jpg,353 53 615 340 1;593 63 927 342 1,1169,826
anime_0519.jpg,805 175 1107 462 1,1300,1107
anime_0145.jpg,1215 40 1791 601 1,1866,1400
anime_0071.jpg,237 21 910 644 1,1280,960
anime_0395.jpg,1144 562 1192 614 1,1800,1080
anime_0287.jpg,392 71 765 486 1;962 198 1247 546 1,1904,916
anime_0543.jpg,1044 766 1095 829 1,2000,1289
anime_0839.jpg,1239 155 2260 1134 1,4300,3133
anime_0268.jpg,184 35 552 438 1;556 58 940 440 1,1100,722
anime_0809.jpg,419 1 1114 662 1;1341 562 1803 1045 1;1758 823 2280 1273 1;2630 40 3308 673 1,3500,2508
anime_0391.jpg,505 6 808 176 1,1100,825
anime_0822.jpg,2791 158 3253 553 1,3500,1500
anime_0757.jpg,438 83 797 397 1,1228,868
anime_0669.jpg,469 42 953 519 1,2000,1449
anime_0632.jpg,734 117 932 320 1,1414,865
anime_0239.jpg,1222 37 1872 694 1;3357 509 3611 765 1,4252,2126
anime_1079.jpg,297 5 1079 723 1,1260,980
anime_1110.jpg,957 28 1606 704 1,1615,997
anime_0626.jpg,722 79 1118 425 1,1200,846
anime_1080.jpg,3143 136 3956 836 1,4000,2160
anime_0821.jpg,1247 62 1753 520 1,2000,1413
anime_0371.jpg,662 60 952 360 1,1920,1200
anime_0417.jpg,521 21 977 361 1,1240,876
anime_0458.jpg,635 236 809 419 1;1003 165 1192 356 1,1594,1007
anime_0513.jpg,30 8 606 582 1,1080,842
anime_0880.jpg,157 161 381 390 1;448 128 550 264 1;548 199 659 326 1;774 39 1017 295 1,1383,998
anime_0846.jpg,1105 728 2080 1445 1;2397 178 3697 1403 1,4920,3500
anime_0342.jpg,506 200 729 384 1,1280,824
anime_0985.jpg,302 8 697 397 1,1000,706
anime_0206.jpg,1868 219 2673 955 1,3507,2480
anime_0956.jpg,1534 202 2074 752 1,2828,2000
anime_0167.jpg,1524 55 1896 455 1,2500,1563
anime_0927.jpg,305 21 492 219 1;477 1 655 173 1,1349,853
anime_0593.jpg,272 59 520 338 1,1125,800
anime_0058.jpg,625 8 959 297 1,1136,768
anime_0066.jpg,1115 170 1480 482 1,1920,1388
anime_0583.jpg,40 213 395 537 1;374 9 702 322 1,1330,1063
anime_0581.jpg,998 257 1442 692 1,2688,1512
anime_0042.jpg,269 117 969 883 1;909 257 1629 997 1,4000,2828
anime_0665.jpg,521 93 829 384 1,1754,1240
anime_0027.jpg,316 20 786 537 1,1440,900
anime_0697.jpg,214 5 647 350 1,1280,720
anime_0205.jpg,687 59 1141 448 1,1414,1000
anime_0587.jpg,1615 218 2190 856 1,3713,2593
anime_0305.jpg,2119 1742 4002 3658 1;3736 92 5336 1758 1;5002 2058 7636 4442 1,9056,6068
anime_0045.jpg,656 112 1053 499 1,2000,1500
anime_0696.jpg,1310 455 1338 489 1,1758,890
anime_0624.jpg,1033 152 1158 287 1,1920,1080
anime_0199.jpg,386 69 753 436 1,1500,1023
anime_0238.jpg,932 212 1357 637 1;2363 199 2807 674 1,3720,2893
anime_1109.jpg,615 7 864 251 1,1000,750
anime_0607.jpg,75 161 435 521 1;1075 84 1378 390 1;1518 401 1729 615 1,1754,1240
anime_0162.jpg,358 257 840 687 1;795 68 1206 398 1,2263,1600
anime_0249.jpg,114 347 408 650 1;302 77 608 441 1,1900,1425
anime_0402.jpg,697 61 1653 1072 1,3500,2730
anime_0129.jpg,423 156 614 381 1,1280,900
anime_0366.jpg,954 63 1154 256 1,1600,900
anime_0087.jpg,1479 34 2025 577 1,2048,1152
anime_0245.jpg,1554 188 1990 604 1,2480,1748
anime_1001.jpg,300 118 554 341 1,1307,924
anime_0886.jpg,841 21 1150 289 1,1290,720
anime_1152.jpg,2108 73 2908 829 1,3500,2487
anime_0986.jpg,120 21 369 272 1,1130,800
anime_0403.jpg,1708 230 3214 1675 1,3500,2645
anime_0166.jpg,1230 303 1418 513 1,1920,1080
anime_0603.jpg,55 346 370 665 1,1000,740
anime_0377.jpg,872 76 1256 520 1,1454,1047
anime_0993.jpg,933 36 1141 240 1,1297,917
anime_0620.jpg,37 278 512 697 1;358 25 818 453 1,1920,1080
anime_0561.jpg,229 135 472 405 1,1000,713
anime_0254.jpg,977 99 1271 407 1,1625,1250
anime_0578.jpg,1021 19 1758 784 1,1920,1080
anime_0326.jpg,628 4 1325 513 1,1983,1012
anime_0225.jpg,281 240 695 661 1;667 208 1084 611 1;1049 83 1484 515 1;1484 229 1945 654 1,2180,1470
anime_0009.jpg,3335 384 4519 1731 1,4800,2700
anime_0934.jpg,1192 83 1677 517 1,2263,1600
anime_0181.jpg,584 13 969 375 1,1280,720
anime_0210.jpg,910 1337 1616 2025 1,3508,2480
anime_0174.jpg,200 10 686 483 1;646 104 1192 616 1,1307,869
anime_0834.jpg,40 44 902 894 1,1920,1200
anime_0033.jpg,60 47 438 437 1,1529,1087
anime_0200.jpg,582 215 914 541 1,2000,1500
anime_1070.jpg,318 90 1042 834 1,2473,1745
anime_0022.jpg,837 9 1042 255 1;584 53 784 279 1;1135 67 1339 295 1,1440,900
anime_1095.jpg,1585 216 1785 394 1,2645,1488
anime_0515.jpg,367 206 721 518 1,1479,1100
anime_0004.jpg,1518 55 1918 498 1,2976,1488
anime_0982.jpg,442 248 888 616 1;1092 189 1474 543 1;1742 143 2292 484 1,2863,2019
anime_0258.jpg,2020 12 2870 862 1,3035,2149
anime_0592.jpg,9 111 555 603 1,1800,1226
anime_0126.jpg,574 596 698 739 1;905 143 1050 265 1;1181 54 1321 205 1;1363 223 1611 494 1,1920,1108
anime_0251.jpg,1858 308 2314 769 1,3500,2545
anime_0629.jpg,284 21 537 262 1;541 171 818 435 1;1014 187 1280 449 1,1431,1024
anime_0123.jpg,966 42 1235 334 1,1580,1180
anime_0020.jpg,215 157 758 664 1;869 224 1369 693 1,1500,1061
anime_0320.jpg,612 97 1185 659 1,2133,1702
anime_0393.jpg,569 1 1428 796 1,2268,1701
anime_0805.jpg,945 346 1261 632 1,1264,900
anime_0151.jpg,626 9 1128 489 1,1287,747
anime_0788.jpg,985 68 1367 441 1,1866,1340
anime_0872.jpg,368 47 680 303 1,1920,1080
anime_0945.jpg,27 466 658 1053 1,1920,1080
anime_1076.jpg,1458 302 2091 841 1,3500,2188
anime_0637.jpg,1024 79 1334 359 1,2038,1443
anime_0083.jpg,323 600 1963 2250 1;4743 770 5193 1180 1,5917,4071
anime_0693.jpg,2303 146 3075 885 1,3500,2454
anime_0621.jpg,771 200 820 245 1,1300,915
anime_0995.jpg,85 36 558 542 1,2100,1482
anime_0932.jpg,1177 87 1706 517 1,2263,1600
anime_0383.jpg,167 111 356 294 1;429 197 636 367 1,1000,800
anime_0425.jpg,234 344 523 635 1,1098,800
anime_0680.jpg,451 206 692 453 1,1280,824
anime_0648.jpg,535 139 652 259 1,1500,990
anime_0926.jpg,1788 376 2008 608 1;918 116 1186 386 1,2977,2000
anime_0700.jpg,784 212 968 426 1,1750,963
anime_0079.jpg,234 80 777 571 1;1720 94 2358 723 1;2244 966 2920 1637 1,2921,1643
anime_0120.jpg,814 3 1108 256 1,1280,720
anime_0080.jpg,888 651 965 723 1,2159,1131
anime_1154.jpg,522 220 692 405 1;943 302 1046 403 1;1404 263 1540 380 1,1920,1080
anime_0053.jpg,457 30 686 249 1,1186,904
anime_0461.jpg,965 87 1158 266 1,1600,892
anime_0734.jpg,463 234 718 450 1;1876 639 2405 1100 1,3400,1900
anime_0618.jpg,1135 17 1815 612 1,3035,2000
anime_0127.jpg,116 15 372 269 1;389 185 555 350 1,1000,721
anime_0364.jpg,1065 26 1421 413 1,1920,1200
anime_0117.jpg,457 30 682 281 1;612 103 841 303 1,1280,720
anime_0551.jpg,740 4 1419 522 1,1600,991
anime_0175.jpg,292 4 645 394 1,2048,1152
anime_1062.jpg,2522 68 3262 848 1,4157,2598
anime_0794.jpg,989 185 1122 344 1,1350,955
anime_0202.jpg,113 99 442 377 1,1000,738
anime_0118.jpg,450 39 855 454 1;1006 231 1447 739 1,1600,1241
anime_0190.jpg,497 142 747 416 1;695 68 966 372 1,1371,1200
anime_0964.jpg,1499 247 1899 626 1,2536,1800
anime_0289.jpg,1632 30 2184 658 1,2444,1664
anime_1078.jpg,1204 35 1578 429 1,1754,1240
anime_1042.jpg,434 273 885 679 1,2000,1415
anime_0622.jpg,774 199 820 245 1,1300,915
anime_0361.jpg,1083 16 1505 438 1,1920,1200
anime_0652.jpg,238 49 460 309 1;467 62 718 340 1,1400,1048
anime_0890.jpg,133 124 435 383 1;443 12 735 287 1;803 106 1047 376 1,1200,831
anime_0005.jpg,266 638 419 783 1;366 577 536 733 1,1719,1070
anime_0161.jpg,1357 167 1888 729 1,2125,1339
anime_0997.jpg,1569 30 1923 396 1,2560,1440
anime_1123.jpg,637 169 877 383 1;923 356 1237 656 1,1666,1045
anime_0132.jpg,343 87 574 348 1,1280,896
anime_0355.jpg,965 188 1607 792 1,2560,1440
anime_0113.jpg,508 231 690 422 1,1280,824
anime_0623.jpg,1698 30 2141 507 1,3002,1600
anime_0627.jpg,884 124 1269 452 1,1500,1250
anime_1022.jpg,617 60 969 372 1,1300,986
anime_1118.jpg,1132 25 1923 650 1,2560,1440
anime_0278.jpg,614 86 796 243 1,1280,1024
anime_0309.jpg,892 185 1484 773 1,2500,1767
anime_0634.jpg,251 531 485 740 1;766 274 1366 850 1;1275 145 1704 555 1;2256 198 2475 417 1,2880,1620
anime_0439.jpg,472 99 686 304 1,1500,1078
anime_0689.jpg,167 72 858 837 1,1800,1341
anime_0904.jpg,505 31 737 252 1,1200,900
anime_1099.jpg,328 10 883 627 1;926 7 1651 598 1,1757,1189
anime_0913.jpg,473 289 580 391 1,1100,778
anime_0830.jpg,1869 475 2308 853 1,3500,1969
anime_0601.jpg,513 71 736 294 1,1381,946
anime_0476.jpg,368 6 983 391 1,1920,1079
anime_0940.jpg,2772 242 4157 1565 1,4723,3507
anime_0701.jpg,1055 31 1308 281 1,1920,1080
anime_0277.jpg,498 122 628 259 1,1410,793
anime_0808.jpg,497 152 855 552 1,1650,1128
anime_0057.jpg,364 80 767 423 1,1800,1266
anime_1112.jpg,783 13 1091 270 1,1200,855
anime_0922.jpg,463 237 729 484 1;660 128 1049 436 1,1433,1011
anime_0110.jpg,582 190 774 406 1,1280,824
anime_1027.jpg,829 133 1048 347 1,1485,1065
anime_0158.jpg,250 15 490 279 1;775 365 992 588 1;1113 161 1352 398 1;1421 183 1623 371 1,1920,900
anime_0173.jpg,566 133 735 318 1,1200,827
anime_1036.jpg,480 156 815 477 1,1000,738
anime_0961.jpg,1387 119 1605 356 1,1920,1080
anime_0482.jpg,241 118 572 406 1;769 87 1315 642 1,1500,1059
anime_0863.jpg,408 234 792 586 1;1208 134 1582 525 1,2000,1414
anime_0818.jpg,752 126 896 276 1,1123,794
anime_0131.jpg,693 105 1082 535 1,1751,1113
anime_0900.jpg,525 84 1319 740 1,3500,2475
anime_1054.jpg,399 138 1030 681 1;887 13 1521 650 1,1920,1080
anime_0889.jpg,534 382 883 699 1;792 116 1169 456 1,1770,1253
anime_0688.jpg,567 44 812 276 1,1000,707
anime_0032.jpg,418 14 806 402 1,1200,770
anime_0557.jpg,1123 108 1338 323 1,1575,1000
anime_0638.jpg,638 148 988 511 1,1565,989
anime_0942.jpg,3873 580 4840 1336 1,6336,3306
anime_0228.jpg,231 73 700 533 1,1500,1107
anime_0759.jpg,1041 137 1764 921 1,3500,2315
anime_0204.jpg,8 47 237 278 1;549 100 799 347 1;821 122 1074 441 1;1258 10 1515 194 1;1690 207 1918 472 1,1920,817
anime_0663.jpg,1991 622 2381 1046 1;1850 208 2285 708 1,3507,2080
anime_0659.jpg,518 6 902 320 1,1280,835
anime_1044.jpg,1578 706 1663 798 1,2048,1365
anime_0901.jpg,856 28 1156 376 1,2000,1414
anime_0352.jpg,840 9 1515 755 1;1498 13 2411 767 1,2560,1440
anime_0034.jpg,372 27 855 533 1,1200,770
anime_0092.jpg,155 44 597 467 1,1200,800
anime_0874.jpg,120 265 503 621 1,1200,941
anime_0460.jpg,1327 7 1896 463 1,1920,1200
anime_1121.jpg,200 145 374 347 1;456 105 651 318 1;747 125 925 320 1;996 131 1209 338 1,1400,977
anime_0478.jpg,181 107 337 255 1;791 24 1207 337 1,1256,900
anime_0267.jpg,744 445 813 525 1,1500,1071
anime_1012.jpg,454 159 791 422 1,1638,1158
anime_0763.jpg,264 238 618 538 1;1311 8 1648 411 1,2047,1447
anime_0293.jpg,1464 300 1848 716 1,2550,1671
anime_0828.jpg,1891 248 2436 698 1,3500,1969
anime_0749.jpg,241 170 455 401 1;449 97 653 320 1;728 111 945 328 1,1200,848
anime_1082.jpg,786 195 1348 647 1,2148,1718
anime_0831.jpg,2075 209 2525 631 1,3500,1969
anime_1043.jpg,632 350 809 516 1;811 342 1004 505 1,1647,1124
anime_0991.jpg,620 365 774 519 1;957 366 1103 503 1,1850,1000
anime_0435.jpg,5 8 178 224 1;211 57 382 271 1;394 53 589 297 1;611 8 794 184 1;607 271 791 442 1;609 482 789 664 1;802 55 994 275 1;1007 53 1200 248 1;1218 66 1400 303 1,1400,700
anime_1100.jpg,466 105 881 439 1;1447 424 1829 724 1,2263,1600
anime_0316.jpg,340 112 863 626 1,2952,2031
anime_0574.jpg,1447 24 1800 374 1,2045,1278
anime_0023.jpg,909 53 1079 237 1,1440,900
anime_0084.jpg,163 655 1433 2015 1;1533 325 2923 1785 1;3103 465 4293 1965 1;4333 555 5693 2025 1,5936,4060
anime_0363.jpg,583 10 896 260 1,1920,1200
anime_0412.jpg,756 77 1140 508 1,1400,991
anime_0524.jpg,620 12 980 398 1,2078,1154
anime_0140.jpg,606 42 1295 642 1,2263,1600
anime_0494.jpg,442 109 712 386 1;693 32 967 325 1,1440,900
anime_0240.jpg,328 119 524 319 1;683 101 895 315 1,1228,868
anime_0451.jpg,318 202 598 482 1;855 333 1014 496 1,1280,824
anime_0314.jpg,2586 322 3306 922 1,5982,3934
anime_0989.jpg,231 28 449 253 1,1200,847
anime_0715.jpg,782 107 1279 596 1,1680,1192
anime_0489.jpg,688 177 864 309 1,1426,1000
anime_0484.jpg,650 64 1412 789 1,2546,1800
anime_0585.jpg,213 8 545 338 1,1453,1000
anime_0111.jpg,590 196 769 382 1,1280,824
anime_0457.jpg,765 168 1091 468 1,1500,1059
anime_0520.jpg,904 341 1356 761 1,1366,768
anime_0419.jpg,434 155 769 465 1,1300,975
anime_0518.jpg,5 16 467 400 1;375 75 965 678 1;1040 640 1229 824 1;792 210 1189 662 1;1205 329 1673 791 1;870 10 1662 491 1,1700,1203
anime_0317.jpg,805 74 1956 1071 1,2000,1417
anime_0804.jpg,204 8 546 376 1,1210,790
anime_0221.jpg,515 50 750 268 1,1271,850
anime_0247.jpg,288 35 605 379 1;624 167 944 545 1;932 215 1261 562 1,1507,1082
anime_0392.jpg,713 70 956 325 1,1145,809
anime_0539.jpg,693 6 1033 377 1,1200,858
anime_0776.jpg,461 3 819 272 1,1152,720
anime_0160.jpg,247 288 570 665 1;604 232 954 598 1;927 178 1240 548 1;1240 178 1550 558 1;1550 172 1924 555 1,2058,1294
anime_0656.jpg,148 160 585 511 1,1514,791
anime_0919.jpg,328 56 478 211 1;954 192 1073 311 1,1484,744
anime_0522.jpg,65 25 428 343 1,1216,809
anime_0159.jpg,162 56 409 301 1;422 116 696 358 1,1400,1000
anime_0472.jpg,151 112 565 485 1,1684,1191
anime_0984.jpg,491 11 714 274 1,1200,960
anime_0785.jpg,287 259 550 526 1;920 54 1317 468 1,1457,1032
anime_0750.jpg,38 140 636 645 1;643 4 896 192 1;1038 21 1367 330 1,1500,964
anime_0960.jpg,2219 26 3080 859 1,3500,2537
anime_1124.jpg,551 202 725 396 1,1280,824
anime_0031.jpg,853 13 1189 300 1,1200,930
anime_0600.jpg,177 398 556 698 1,1179,894
anime_0796.jpg,2238 789 2432 946 1,4093,2894
anime_0410.jpg,913 144 1303 591 1,2870,1999
anime_0422.jpg,518 69 902 444 1;974 110 1368 519 1,1920,1205
anime_0455.jpg,507 128 1368 1123 1;1897 152 2240 461 1,3000,2300
anime_0146.jpg,473 37 958 598 1,1316,1000
anime_0541.jpg,260 107 552 336 1,1813,1146
anime_0281.jpg,587 80 937 458 1,1929,1364
anime_0769.jpg,1286 259 1896 909 1,3038,2114
anime_0003.jpg,1179 222 1872 926 1,2000,1314
anime_0255.jpg,29 12 667 487 1,1400,1138
anime_0864.jpg,720 68 935 270 1,1280,800
anime_1148.jpg,234 16 1034 758 1,2557,1438
anime_0136.jpg,835 14 1069 257 1,1280,914
anime_0599.jpg,898 37 1100 218 1;130 69 204 140 1;239 60 313 137 1,1500,800
anime_0840.jpg,721 173 974 389 1,1920,1357
anime_0653.jpg,1008 37 1356 402 1,2000,1550
anime_0897.jpg,45 772 482 1242 1;415 8 825 348 1;1315 408 1729 808 1,2048,1475
anime_0739.jpg,302 113 540 328 1,1920,1080
anime_0447.jpg,186 37 486 307 1;496 15 788 293 1,1250,884
anime_0428.jpg,94 26 578 517 1;703 17 1239 507 1;1361 17 1858 491 1,1978,1400
anime_0416.jpg,609 121 929 409 1;860 165 1214 475 1,1525,1176
anime_0686.jpg,849 22 1249 438 1;1333 153 1737 622 1,1920,1080
anime_0792.jpg,399 33 809 401 1,1320,1056
anime_1134.jpg,530 310 784 550 1,1789,1275
anime_0826.jpg,76 126 440 495 1,1600,1035
anime_0085.jpg,80 499 740 1279 1;900 669 1530 1459 1;1570 859 2790 2259 1;3020 609 4200 1939 1;4550 909 5250 1739 1;5240 1129 5880 1969 1,5931,4068
anime_0690.jpg,1944 60 2497 631 1,3507,2480
anime_0673.jpg,598 51 1102 570 1,1280,1000
anime_0547.jpg,441 2 743 252 1;781 6 1108 266 1,1500,844
anime_0642.jpg,532 146 836 467 1,2560,1440
anime_0506.jpg,847 94 1007 263 1,1500,900
anime_0967.jpg,2125 97 3053 1008 1,3500,2457
anime_0243.jpg,440 166 952 738 1,1920,1080
anime_1130.jpg,263 6 660 369 1,1440,1080
anime_0349.jpg,524 87 988 597 1,1500,844
anime_0679.jpg,329 200 678 535 1,1280,824
anime_0407.jpg,224 4 940 491 1,1920,1200
anime_0102.jpg,238 239 941 853 1;944 102 1644 730 1,1800,1225
anime_0841.jpg,1953 17 3141 1206 1,3500,2496
anime_1146.jpg,52 22 1427 963 1,1920,1080
anime_0059.jpg,648 114 972 401 1,1146,900
anime_0538.jpg,124 1486 1314 2556 1;1354 56 2334 936 1;2714 816 4114 2186 1;4064 686 5514 2076 1,5938,4083
anime_0654.jpg,406 80 587 241 1,1170,855
anime_1029.jpg,1074 6 1429 356 1,1500,907
anime_0365.jpg,771 13 1093 329 1,1920,1200
anime_0562.jpg,212 17 580 345 1;699 33 1127 411 1,1920,1164
anime_1141.jpg,878 321 1056 495 1;1327 114 1485 282 1;1533 376 1691 556 1;1188 534 1366 718 1,1980,1485
anime_0315.jpg,57 14 535 451 1;982 10 1482 480 1,1518,1080
anime_0430.jpg,1123 94 1691 697 1,1797,1015
anime_0597.jpg,878 44 1067 224 1,1280,720
anime_0086.jpg,76 1604 1256 2764 1;1256 254 2666 1554 1;4316 234 5606 1384 1,6102,4099
anime_0875.jpg,905 217 1222 495 1,1748,1181
anime_0122.jpg,1111 326 1349 612 1,2680,1920
anime_1103.jpg,535 144 774 374 1;826 181 1060 402 1,1440,900
anime_0692.jpg,8 30 346 333 1;227 286 558 617 1;496 467 890 839 1;808 248 1143 605 1;1080 473 1396 830 1;1274 158 1621 517 1;1546 20 1920 404 1,1920,1008
anime_0865.jpg,503 125 778 421 1;1557 300 1886 605 1,2560,1440
anime_0495.jpg,1508 354 1832 658 1,1850,1000
anime_0844.jpg,543 220 1535 1262 1;1776 1187 2468 1837 1;2501 1603 3251 2237 1;3618 1078 4418 1878 1,4896,3500
anime_0631.jpg,984 94 1158 268 1,1500,800
anime_0532.jpg,552 70 1074 501 1,1920,1164
anime_0171.jpg,885 35 1295 470 1,2000,1500
anime_1133.jpg,360 47 738 380 1,1500,954
anime_0719.jpg,1008 214 1496 683 1,1920,1357
anime_1058.jpg,778 55 944 235 1,1778,1000
anime_0427.jpg,143 184 634 639 1,2000,1412
anime_1061.jpg,633 20 1021 383 1,1100,790
anime_0556.jpg,645 498 1303 1198 1;3637 507 4462 1198 1,5000,3090
anime_0625.jpg,1200 69 1383 222 1,1855,935
anime_0727.jpg,196 20 582 420 1;583 15 972 423 1,1000,763
anime_0207.jpg,46 491 454 934 1,1583,1000
anime_1156.jpg,1173 21 1821 659 1,3000,2000
anime_0463.jpg,1735 592 2060 912 1;2020 892 2131 1008 1;2302 835 2467 1034 1;2223 332 2298 397 1;2090 363 2139 406 1;2012 110 2059 157 1;978 496 1042 560 1;1079 521 1140 582 1;778 716 868 806 1;713 627 800 714 1;666 591 746 671 1;355 531 523 699 1;112 846 276 1010 1;180 288 328 436 1;668 946 851 1129 1;555 1235 828 1508 1;124 1412 327 1615 1,2500,1765
anime_0810.jpg,153 277 664 793 1;614 471 1236 1088 1;1175 60 1697 527 1;2014 88 2447 549 1;2386 27 2858 510 1;2786 693 3425 1310 1,3500,2605
anime_0139.jpg,530 208 662 345 1,1163,800
anime_0233.jpg,1075 119 1262 321 1;794 715 965 907 1,1920,1047
anime_0344.jpg,909 71 1295 468 1,2230,1254
anime_0787.jpg,231 103 624 501 1;754 142 1241 652 1,1457,1032
anime_0250.jpg,487 27 1030 513 1;983 108 1483 617 1,3000,1688
anime_0297.jpg,1131 39 1616 498 1,1922,1081
anime_0771.jpg,227 306 531 595 1,2149,1518
anime_1149.jpg,844 59 2078 1221 1,2560,1440
anime_0215.jpg,235 247 447 452 1;1104 275 1309 478 1,1600,1200
anime_0334.jpg,2101 299 3137 1372 1;3092 581 4165 1708 1;4074 63 5328 1290 1,5540,3353
anime_0824.jpg,1103 489 1323 689 1,2560,1600
anime_1059.jpg,713 277 840 386 1;816 204 973 330 1,1800,1170
anime_0436.jpg,327 123 904 545 1,1980,1328
anime_0431.jpg,908 179 1145 390 1,1200,884
anime_0271.jpg,473 747 661 955 1;850 834 1084 1092 1;1310 543 1599 806 1;1752 246 2072 477 1,2510,1498
anime_0369.jpg,318 110 674 398 1,1920,1200
anime_0862.jpg,662 1 952 253 1,1920,1080
anime_0647.jpg,82 35 470 404 1,1000,812
anime_0194.jpg,420 10 1160 646 1,1200,891
anime_0203.jpg,701 22 1276 674 1,2000,1423
anime_0611.jpg,483 163 730 456 1,1920,1080
anime_0248.jpg,1037 88 1317 343 1,2000,1019
anime_0442.jpg,453 64 737 366 1,1200,812
anime_0968.jpg,90 120 543 509 1,1632,1200
anime_1013.jpg,727 75 1185 536 1,2000,1413
anime_0687.jpg,202 253 608 638 1;787 9 1196 403 1;1340 38 1812 459 1,1920,1080
anime_1052.jpg,527 53 974 491 1;902 16 1371 466 1,1920,1080
anime_0888.jpg,436 3 717 254 1,1100,770
anime_1125.jpg,510 210 674 435 1,1280,824
anime_0722.jpg,706 17 1056 304 1,1200,900
anime_1087.jpg,883 623 1226 1018 1;1773 618 2126 1028 1,3000,2099
anime_0327.jpg,322 32 484 166 1;694 134 954 362 1,1320,1020
anime_0976.jpg,157 31 509 325 1,1421,1085
anime_0367.jpg,583 10 949 348 1,1920,1200
anime_0474.jpg,51 58 329 361 1;300 303 498 505 1;538 261 805 509 1;751 463 947 645 1;1049 7 1396 503 1,1399,1000
anime_0216.jpg,276 256 426 416 1;755 39 1041 306 1,1200,849
anime_0350.jpg,536 58 900 436 1,1748,1181
anime_0721.jpg,380 14 644 264 1,1254,862
anime_0996.jpg,1184 841 1619 1263 1,5100,3300
anime_1064.jpg,734 136 842 231 1,1263,893
anime_1086.jpg,259 12 962 825 1,2088,1488
anime_1030.jpg,175 75 462 409 1;754 24 1066 354 1,1228,868
anime_0286.jpg,494 12 1381 825 1,1700,956
anime_0778.jpg,317 4 770 466 1;717 14 1229 473 1,1600,935
anime_0853.jpg,439 167 715 400 1,1398,1185
anime_0481.jpg,691 193 1024 508 1,1560,1040
anime_0630.jpg,516 85 716 287 1,1235,875
anime_0589.jpg,323 3 572 213 1;539 238 692 366 1;759 310 878 414 1;813 24 1049 242 1,1280,720
anime_0707.jpg,370 123 631 371 1,1415,1000
anime_0819.jpg,1215 359 1840 1034 1,1920,1080
anime_0939.jpg,172 25 612 457 1;710 53 1140 482 1,1333,1066
anime_0744.jpg,182 22 459 306 1,2000,797
anime_0375.jpg,680 141 1074 529 1,1920,1200
anime_0019.jpg,391 18 856 420 1,1050,708
anime_0346.jpg,558 34 865 291 1;812 59 1062 344 1;1043 253 1337 531 1,1920,1080
anime_1026.jpg,581 1 959 356 1,1150,900
anime_0385.jpg,215 30 898 725 1;953 30 1803 846 1,2560,1440
anime_0837.jpg,209 241 648 619 1;1486 625 1823 928 1;2225 852 2857 1475 1,3391,2523
anime_0729.jpg,855 22 1465 538 1,1920,1080
anime_0534.jpg,184 158 486 440 1,1254,1034
anime_1147.jpg,640 42 1886 1134 1,2560,1440
anime_0382.jpg,2300 78 3016 778 1,3281,2552
anime_1007.jpg,599 44 1308 704 1,1920,1200
anime_0748.jpg,806 1 1287 469 1,1518,1097
anime_1000.jpg,495 120 908 549 1,2000,1250
anime_0928.jpg,281 226 538 428 1,1500,1060
anime_0459.jpg,960 88 1360 483 1,1674,1190
anime_0232.jpg,626 204 823 396 1;1161 65 1369 270 1,1920,1047
anime_0486.jpg,1973 798 2324 1151 1,3640,2048
anime_0224.jpg,1962 389 2650 1053 1,3506,2337
anime_0176.jpg,602 6 1037 319 1,1920,1080
anime_0825.jpg,1470 362 1780 643 1,3410,2479
anime_1066.jpg,514 127 863 425 1,1600,982
anime_0115.jpg,851 78 1191 433 1,1400,990
anime_0274.jpg,51 21 364 305 1,1200,776
anime_0172.jpg,595 70 958 422 1,1200,848
anime_0702.jpg,1187 3 1427 281 1,1920,1080
anime_0218.jpg,919 507 1353 957 1;1653 7 2075 490 1;2014 518 2430 968 1,3500,2475
anime_0311.jpg,601 24 927 373 1;904 10 1267 350 1,1800,1013
anime_0282.jpg,1769 20 2286 529 1,2708,1794
anime_0046.jpg,870 54 1086 275 1,1440,809
anime_0290.jpg,127 38 637 528 1,1920,1080
anime_0028.jpg,160 219 340 392 1;440 217 680 425 1,1400,992
anime_0454.jpg,1023 103 1428 516 1,1568,1120
anime_0681.jpg,452 281 900 645 1;1292 97 1964 689 1,2500,1550
anime_0845.jpg,1009 28 2067 1153 1;3592 170 4917 1478 1,4944,3500
anime_0815.jpg,206 51 531 393 1,1550,1000
anime_0582.jpg,556 146 777 327 1;801 160 1060 350 1,1193,896
anime_0811.jpg,42 67 469 479 1,1120,840
anime_0549.jpg,787 163 1108 449 1;1210 217 1492 467 1,1920,1080
anime_0820.jpg,484 199 611 322 1;986 2 1211 220 1,1288,827
anime_0777.jpg,798 252 1319 788 1,2192,1408
anime_0060.jpg,443 18 772 349 1,1020,805
anime_1041.jpg,1142 82 1455 375 1,1600,1071
anime_0279.jpg,183 209 489 506 1,1700,1259
anime_1077.jpg,1238 189 1432 383 1,1754,1240
anime_0658.jpg,575 51 902 392 1,1403,992
anime_0201.jpg,249 133 545 375 1;516 29 820 300 1,1200,862
anime_0288.jpg,402 154 564 330 1;659 206 853 409 1,1688,1021
anime_0069.jpg,539 48 756 243 1,1000,750
anime_0546.jpg,226 269 649 654 1;838 354 1058 609 1;1266 346 1543 603 1,1782,1158
anime_0376.jpg,899 182 1193 485 1,1920,1200
anime_0099.jpg,181 60 612 450 1,1500,1061
anime_0773.jpg,311 221 1517 1360 1,3462,2048
anime_0380.jpg,730 4 1040 248 1,1920,1200
anime_0528.jpg,127 10 507 405 1,1024,724
anime_0310.jpg,179 6 449 268 1;687 66 878 275 1;919 13 1105 175 1,1136,800
anime_0177.jpg,224 169 593 532 1;596 73 990 457 1,1920,1200
anime_0512.jpg,147 300 265 423 1;696 185 815 292 1;864 48 965 150 1;1004 245 1228 453 1,1500,961
anime_0252.jpg,279 339 1023 1089 1;2373 607 2773 1020 1;3292 342 3707 751 1;2965 8 3272 366 1,3840,2160
anime_0052.jpg,602 20 1002 507 1,1198,794
anime_0643.jpg,820 88 1183 380 1,1221,858
anime_0049.jpg,953 69 1166 272 1,2057,1462
anime_0001.jpg,144 181 652 684 1;747 155 1342 761 1,1614,1186
anime_1005.jpg,1008 112 1271 323 1,1786,1080
anime_0768.jpg,314 17 604 364 1;614 107 925 425 1,1024,721
anime_0072.jpg,122 32 797 791 1,1719,1214
anime_0674.jpg,721 143 1271 671 1,1920,1440
anime_0078.jpg,63 111 496 511 1,1280,720
anime_0264.jpg,801 41 1001 244 1,1360,790
anime_0740.jpg,177 66 409 296 1,1360,925
anime_1065.jpg,232 82 344 184 1,1169,827
anime_0732.jpg,781 80 1366 628 1,1469,1065
anime_0006.jpg,775 163 1032 443 1,1800,850
anime_0272.jpg,719 108 1028 423 1,1886,1160
anime_0141.jpg,1412 138 2262 797 1,2829,2000
anime_0152.jpg,743 118 966 343 1,1200,847
anime_0695.jpg,843 34 1018 200 1;1005 87 1205 275 1;1424 390 1627 612 1,1920,1092
anime_0725.jpg,559 86 847 331 1;966 515 1247 766 1,2000,1414
anime_0775.jpg,47 3 266 167 1;288 6 527 222 1;85 254 337 487 1;79 735 353 980 1;472 429 705 648 1;517 38 740 242 1;747 1 1001 177 1;1011 6 1269 196 1;1376 109 1611 306 1;776 413 1053 651 1;417 890 637 1054 1;740 835 943 1016 1;1011 987 1176 1145 1;1195 696 1434 922 1;1179 438 1363 590 1;1469 571 1701 751 1;1650 190 1853 377 1;1682 6 1934 164 1;1750 903 1966 1100 1,2000,1333
anime_1091.jpg,1672 15 2468 827 1,2508,1771
anime_0213.jpg,1103 184 1386 446 1,1500,1132
anime_0978.jpg,270 138 606 445 1,1600,1053
anime_0753.jpg,1153 76 1727 621 1,2000,1142
anime_1014.jpg,30 21 775 576 1,2141,1500
anime_0870.jpg,469 77 664 291 1,1119,800
anime_0736.jpg,538 33 886 421 1,1500,1093
anime_0971.jpg,605 228 643 268 1,1136,803
anime_1069.jpg,218 63 658 448 1;662 281 1039 635 1,1200,900
anime_0948.jpg,8 4 508 487 1;408 387 706 658 1;759 240 1039 531 1;917 7 1379 491 1,1384,1066
anime_0387.jpg,287 324 747 762 1,1703,1133
anime_0021.jpg,363 27 665 350 1;32 504 283 738 1,1600,1131
anime_0156.jpg,220 27 713 579 1;787 427 1291 912 1,1368,967
anime_1105.jpg,591 19 1178 517 1,1200,900
anime_1049.jpg,102 147 774 703 1;621 6 1224 684 1;1118 9 1812 678 1,1920,1080
anime_0372.jpg,1115 73 1480 419 1,1920,1200
anime_0467.jpg,485 180 847 514 1;1069 101 1435 445 1,1954,1063
anime_0073.jpg,216 18 703 479 1,1266,895
anime_0797.jpg,493 182 743 392 1;1121 98 1412 389 1,1920,1325
anime_1067.jpg,395 283 587 463 1;593 242 760 429 1;897 233 1054 381 1;1 521 426 896 1,1298,900
anime_1107.jpg,1615 257 2025 647 1,3035,2150
anime_0198.jpg,202 275 469 562 1;530 227 817 547 1;1069 24 1430 396 1,1586,1037
anime_1117.jpg,1672 305 2278 874 1,3838,2480
anime_0241.jpg,583 3 1028 430 1,1748,1181
anime_0667.jpg,1253 170 1908 750 1,2000,1480
anime_0429.jpg,651 83 847 270 1,1200,720
anime_0983.jpg,1427 12 2205 701 1,2275,1280
anime_0125.jpg,160 153 443 398 1,1168,827
anime_0038.jpg,633 44 1002 406 1;843 375 1343 794 1,1920,1080
anime_0149.jpg,370 176 734 583 1,1403,992
anime_1157.jpg,1836 236 2516 909 1,4000,3000
anime_0903.jpg,413 29 950 509 1,1157,816
anime_0296.jpg,847 89 993 231 1,1465,800
anime_0540.jpg,1086 46 1363 330 1,2008,1129
anime_0762.jpg,54 418 396 771 1;51 84 416 429 1,1400,826
anime_0640.jpg,765 84 1069 386 1,1280,800
anime_0754.jpg,549 350 2379 1750 1,5749,4070
anime_1155.jpg,321 108 607 441 1;586 116 915 456 1,1300,919
anime_0013.jpg,639 83 1041 503 1,1748,1181
anime_0930.jpg,912 119 1412 559 1,1800,1272
anime_0526.jpg,437 79 624 268 1,1306,720
anime_0807.jpg,853 3 1333 388 1,1420,892
anime_1108.jpg,1190 180 1490 555 1,2560,1440
anime_1137.jpg,47 157 597 642 1;506 63 1120 615 1,1200,887
anime_0010.jpg,778 108 962 316 1,1200,900
anime_0628.jpg,541 26 815 288 1,1500,1050
anime_0389.jpg,64 91 447 413 1;562 88 964 465 1,1000,750
anime_0105.jpg,1156 731 1385 984 1;1697 276 1934 541 1;1510 876 1725 1122 1;2615 1118 3010 1681 1;2242 367 2640 767 1;2840 702 3504 1694 1,3507,2480
anime_1032.jpg,932 226 1360 622 1,2492,1465
anime_0737.jpg,250 100 345 190 1;368 226 455 321 1;356 478 597 716 1;940 178 1039 284 1;1352 189 1440 266 1;1105 355 1269 516 1,1500,947
anime_0684.jpg,121 138 418 442 1,1373,1000
anime_0373.jpg,746 144 1080 463 1,1920,1200
anime_0041.jpg,5 16 927 972 1;999 16 1912 966 1,1920,1080
anime_0716.jpg,145 67 501 387 1,1200,900
anime_0130.jpg,218 111 521 489 1,1920,1440
anime_0613.jpg,1216 35 1464 260 1,1550,953
anime_1047.jpg,455 9 965 453 1;705 141 1130 519 1,1920,1080
anime_0088.jpg,470 75 2600 2415 1;3180 95 5750 2415 1,6111,4100
anime_0586.jpg,543 33 713 207 1,1456,730
anime_0717.jpg,104 98 724 678 1;578 58 1135 521 1,1800,950
anime_0260.jpg,184 144 372 354 1,1238,963
anime_0535.jpg,183 364 770 864 1;822 279 1425 787 1,1637,1158
anime_0036.jpg,1688 755 2557 1468 1,3720,2756
anime_0157.jpg,1190 56 1608 484 1,1920,1080
anime_0379.jpg,549 85 824 354 1,1920,1200
anime_0950.jpg,396 12 852 485 1,1659,1010
anime_0048.jpg,647 367 805 518 1,2000,1254
anime_1074.jpg,808 32 1100 322 1,1500,1063
anime_0714.jpg,469 3 720 140 1;902 56 1133 279 1,1280,720
anime_0098.jpg,509 78 1062 661 1,3507,2480
anime_0988.jpg,746 31 1204 486 1;1343 70 1837 583 1,1980,1518
anime_0143.jpg,69 525 205 656 1;197 305 327 417 1;400 279 547 419 1;785 340 937 496 1;1011 145 1313 405 1,1500,1020
anime_0878.jpg,1067 351 1498 801 1,3840,2160
anime_0885.jpg,694 5 1139 450 1;796 344 1272 711 1,1280,720
anime_0413.jpg,281 378 507 609 1;1165 418 1261 508 1,1591,1125
anime_0479.jpg,1378 228 1758 594 1,2100,1147
anime_0911.jpg,203 102 677 609 1,1402,1044
anime_0530.jpg,562 55 817 298 1,1500,1105
anime_0765.jpg,403 3 791 348 1,1500,1000
anime_1094.jpg,197 187 707 671 1;628 45 1060 476 1,3200,2200
anime_1093.jpg,407 7 739 301 1;902 693 1264 1000 1,1618,1000
anime_0246.jpg,118 708 618 1171 1;372 195 852 731 1,2054,1600
anime_0508.jpg,416 153 720 451 1;647 397 969 713 1,1400,1100
anime_0784.jpg,324 3 841 468 1;759 105 1254 584 1,1457,1032
anime_0814.jpg,768 80 1350 725 1;1641 484 1905 789 1;2278 498 2568 780 1,2816,1564
anime_0910.jpg,512 25 731 240 1,1200,849
anime_0295.jpg,677 328 843 484 1;1096 288 1255 456 1,1920,1080
anime_1020.jpg,77 116 844 684 1,2250,1900
anime_0529.jpg,100 69 147 112 1,1000,703
anime_1015.jpg,1557 23 2327 729 1,3508,2240
anime_0730.jpg,878 138 1089 359 1,1650,1200
anime_0590.jpg,959 15 1550 570 1,2000,1125
anime_0745.jpg,866 31 1263 389 1,2000,1293
anime_1010.jpg,351 50 728 368 1,1310,969
anime_0135.jpg,755 11 1148 378 1,1300,759
anime_0671.jpg,639 112 856 341 1,1000,709
anime_1023.jpg,319 53 652 338 1,1300,872
anime_0943.jpg,920 119 1220 399 1,1385,787
anime_0378.jpg,1271 57 1737 479 1,1920,1200
anime_0955.jpg,1611 396 2591 1326 1,5892,4442
anime_1073.jpg,1318 6 1587 256 1,1920,1080
anime_0783.jpg,7 563 233 859 1;130 406 410 683 1;400 523 687 816 1;697 536 953 806 1;943 213 1247 533 1;1280 196 1540 529 1;1630 493 1887 729 1;1910 263 2064 554 1,2064,1457
anime_0827.jpg,2053 218 2514 679 1,3500,2065
anime_0116.jpg,888 38 1098 246 1,1280,720
anime_0676.jpg,549 198 829 390 1,1280,824
anime_0764.jpg,661 17 843 225 1;833 31 1061 237 1,1280,792
anime_0269.jpg,71 36 471 420 1,1253,886
anime_0933.jpg,67 44 502 409 1,1088,750
anime_1053.jpg,1215 3 1730 453 1,1920,1080
anime_0896.jpg,144 173 719 695 1,1916,1332
anime_0329.jpg,269 40 457 217 1;807 34 937 202 1;1384 61 1549 261 1,1819,1136
anime_1017.jpg,374 54 785 451 1,1751,1200
anime_0566.jpg,898 43 1317 476 1,1500,1061
anime_0793.jpg,487 113 594 231 1;991 193 1071 298 1,1378,982
anime_1037.jpg,623 61 896 304 1,1000,706
anime_0475.jpg,2601 535 3657 1391 1,6615,3815
anime_0047.jpg,417 42 630 252 1,1300,895
anime_0639.jpg,473 71 938 367 1,1920,1080
anime_0054.jpg,1236 178 1530 480 1,1748,1181
anime_0741.jpg,701 58 920 265 1,1200,849
anime_0892.jpg,174 11 616 458 1;692 86 1125 441 1,1280,865
anime_0114.jpg,520 186 788 465 1,1280,824
anime_0832.jpg,1159 17 1901 690 1,2122,1500
anime_0743.jpg,117 49 428 313 1,1023,723
anime_0929.jpg,171 285 752 891 1;1162 298 1737 907 1,1920,1200
anime_0432.jpg,1175 792 1950 1500 1;3525 784 4334 1567 1,5143,2893
anime_0650.jpg,6 233 520 650 1,1770,1252
anime_0554.jpg,498 359 706 535 1;776 39 982 207 1;986 265 1174 447 1,1250,900
anime_0572.jpg,624 107 934 391 1,1271,900
anime_0573.jpg,1094 269 2002 1169 1;2344 12 3480 1055 1,4254,3376
anime_1008.jpg,194 34 432 263 1,1000,726
anime_0509.jpg,2386 330 2811 695 1,3709,2103
anime_0884.jpg,880 13 1552 591 1,1920,1200
anime_0055.jpg,1949 240 2611 835 1,3000,2000
anime_0068.jpg,1327 282 1577 536 1;1827 603 2031 798 1,2550,1486
anime_0386.jpg,1691 586 2232 1133 1,3707,2673
anime_0852.jpg,35 7 181 154 1;211 4 310 104 1;58 250 247 438 1;295 279 454 443 1;317 54 394 140 1;403 52 472 125 1;465 49 533 118 1;558 9 656 113 1;653 11 772 140 1;767 41 910 209 1;886 20 1103 231 1;547 190 667 322 1;588 311 828 493 1,1125,750
anime_0894.jpg,484 57 865 350 1,1500,1060
anime_0076.jpg,678 54 996 381 1,1280,720
anime_1088.jpg,917 580 1364 1028 1,1457,1032
anime_1083.jpg,329 70 812 634 1,2220,1608
anime_0354.jpg,1055 195 1412 527 1,1800,1200
anime_0165.jpg,2256 155 3090 1048 1,4093,3358
anime_1135.jpg,565 331 661 433 1,1222,708
anime_1153.jpg,980 6 1812 738 1,1920,1080
anime_1140.jpg,1186 199 2278 1133 1,5016,3541
anime_0134.jpg,979 159 1268 441 1,1850,1350
anime_1145.jpg,54 215 539 568 1;535 15 1116 318 1,2344,1657
anime_0917.jpg,2035 248 2621 729 1,3000,2150
anime_0109.jpg,547 190 743 398 1,1280,824
anime_0733.jpg,873 104 1119 420 1,1600,972
anime_0257.jpg,2112 156 2665 716 1,3992,2214
anime_0850.jpg,2891 45 4525 1387 1,4925,3500
anime_0609.jpg,118 258 475 595 1;1035 175 1429 573 1,1754,1240
anime_0261.jpg,1069 100 2839 1976 1,3508,2277
anime_0411.jpg,716 54 1204 558 1,1484,1049
anime_0712.jpg,398 21 698 289 1,1100,791
anime_0843.jpg,2075 32 2936 860 1,3500,2493
anime_0301.jpg,349 24 612 263 1;666 80 926 357 1,1200,848
anime_0931.jpg,170 206 303 310 1;375 86 544 210 1,1157,818
anime_0018.jpg,527 234 737 441 1,1600,1076
anime_0423.jpg,159 115 705 606 1,2000,1416
anime_0438.jpg,1304 502 1480 679 1,2000,1414
anime_1151.jpg,189 77 440 299 1;962 137 1105 261 1;1045 537 1222 686 1,1400,1020
anime_0951.jpg,103 243 308 436 1;31 511 295 797 1;289 303 489 499 1;366 549 585 786 1;491 216 706 422 1;705 230 1005 576 1;970 36 1164 232 1;1014 318 1199 487 1;1030 497 1199 703 1,1200,848
anime_0576.jpg,1021 34 1433 388 1,1920,1080
anime_1106.jpg,866 49 1193 362 1,1200,898
anime_0645.jpg,937 50 1180 331 1,1920,1080
anime_0401.jpg,1081 182 1307 382 1,1618,1000
anime_0925.jpg,1050 12 1750 667 1,2133,1200
anime_0954.jpg,637 453 755 591 1;781 417 1012 632 1;1040 460 1173 586 1;1212 578 1302 671 1;1273 235 1581 578 1,1581,1120
anime_0283.jpg,294 32 639 405 1,1000,750
anime_0093.jpg,830 9 1096 281 1,1920,1080
anime_1006.jpg,774 930 1283 1491 1,2666,1500
anime_1139.jpg,532 66 1321 819 1,3507,2480
anime_0633.jpg,1155 96 1348 299 1,1920,1080
anime_0552.jpg,378 28 869 508 1,1280,1040
anime_1089.jpg,949 131 1313 460 1,1492,1066
anime_1038.jpg,365 59 631 296 1,1437,944
anime_0975.jpg,739 20 1018 309 1,1200,848
anime_0029.jpg,66 98 401 378 1;356 15 738 320 1,1100,871
anime_0208.jpg,998 627 1601 1187 1,1800,1539
anime_0683.jpg,563 131 1035 529 1,1600,1200
anime_0774.jpg,921 2 1329 344 1,1344,756
anime_0649.jpg,1450 61 1946 629 1;1916 99 2527 651 1,3840,2160
anime_0168.jpg,1002 121 1199 318 1,1900,1343
anime_0584.jpg,621 16 927 325 1;1008 75 1283 388 1,1920,1080
anime_0766.jpg,444 59 729 316 1;1240 277 1561 573 1,2185,1351
anime_0496.jpg,150 6 712 503 1;786 13 1446 518 1,1500,986
anime_0466.jpg,785 283 1082 556 1,2160,1350
anime_0747.jpg,535 26 685 171 1;1011 135 1225 328 1;1594 442 1894 680 1,2790,1500
anime_1060.jpg,984 194 1234 417 1,1413,945
anime_0833.jpg,855 516 1029 711 1;1017 119 1242 365 1,1600,1150
anime_0307.jpg,1520 491 1909 956 1;1826 621 2220 1038 1,3600,2400
anime_0280.jpg,1104 155 1387 477 1,1800,1124
anime_0504.jpg,758 71 1191 489 1,1225,1000
anime_0154.jpg,803 71 1109 379 1,1240,860
anime_0803.jpg,572 83 921 442 1,1000,706
anime_0275.jpg,1616 703 2376 1416 1,4093,2894
anime_0514.jpg,1440 317 1740 586 1,2147,1500
anime_1071.jpg,109 342 492 713 1,1529,1087
anime_0124.jpg,539 437 672 564 1,1929,1010
anime_0498.jpg,429 156 717 403 1,1500,1000
anime_0860.jpg,1032 99 1424 504 1,1600,1136
anime_1033.jpg,827 329 1039 525 1,2592,1456
anime_1084.jpg,638 88 1019 477 1,1708,1424
anime_0016.jpg,858 300 1025 505 1,1748,1181
anime_0847.jpg,258 203 1641 1428 1;4075 262 4866 962 1,4926,3500
anime_0916.jpg,31 12 865 683 1,1500,1098
anime_0699.jpg,184 20 614 443 1;877 83 1328 460 1,1450,1020
anime_0577.jpg,1293 41 1740 450 1,1920,1080
anime_1057.jpg,346 42 613 309 1,1350,1000
anime_0397.jpg,294 54 503 267 1,1162,747
anime_0456.jpg,852 298 914 356 1,1280,720
anime_1024.jpg,670 6 1081 519 1,1286,910
anime_0322.jpg,1024 11 1439 491 1,1585,1118
anime_1051.jpg,821 1 1396 466 1,1920,1080
anime_0212.jpg,448 31 991 545 1,1500,1061
anime_0488.jpg,350 209 579 440 1,1920,1080
anime_0035.jpg,459 154 995 793 1;947 199 1582 722 1,2000,1500
anime_0751.jpg,910 14 1258 367 1,1500,1061
anime_0560.jpg,140 11 671 505 1,1920,1164
anime_0694.jpg,761 11 983 245 1,1240,876
anime_0300.jpg,1296 3 1599 306 1,1920,1080
anime_0119.jpg,212 5 537 291 1,1280,720
anime_0723.jpg,63 22 300 201 1;721 109 921 297 1,1300,921
anime_0902.jpg,387 5 1114 461 1,1157,816
anime_0421.jpg,731 200 1141 564 1,1500,1061
anime_0192.jpg,924 91 1346 450 1,1920,1080
anime_0876.jpg,826 384 1442 915 1,3197,2468
anime_0735.jpg,1148 399 1828 1059 1,4169,2952
anime_0230.jpg,808 13 1208 419 1,1920,1080
anime_0226.jpg,96 17 383 321 1,1000,707
anime_0516.jpg,507 136 1088 567 1,1653,1102
anime_0302.jpg,97 5 720 628 1;578 5 1106 676 1,1200,848
anime_0657.jpg,1052 22 1474 384 1,1920,1080
anime_1159.jpg,2069 875 2530 1336 1,2700,1503
anime_0082.jpg,299 12 765 466 1,1415,1000
anime_0147.jpg,871 51 1165 382 1,1920,1200
anime_0323.jpg,503 35 770 292 1;739 187 1041 464 1,1200,846
anime_0186.jpg,464 20 1075 681 1,3500,2135
anime_1045.jpg,1055 6 1833 606 1,1920,1080
anime_0434.jpg,1199 13 1727 463 1,1920,1080
anime_0441.jpg,350 323 783 811 1,1559,829
anime_0465.jpg,917 244 1066 377 1,1795,1468
anime_0153.jpg,1113 32 1322 245 1,1416,1003
anime_0507.jpg,658 8 1028 373 1,1200,1000
anime_0615.jpg,491 139 725 346 1;9 125 161 284 1,1418,1000
anime_0662.jpg,786 119 1138 495 1,1366,873
anime_0836.jpg,879 149 1211 465 1,2000,1413
anime_0856.jpg,557 200 829 429 1,1280,824
anime_0838.jpg,2494 78 4603 1903 1,4932,3500
